{
  "ReRoutes": [
    {
      "DownstreamPathTemplate": "/identity/create",
      "DownstreamSchema": "http",
      "DownstreamHostAndPorts": [
        {
          "Host": "localhost",
          "Port": "10000"
        }
      ],
      "UpstreamPathTemplate": "/user/create",
      "UpstreamHttpMethod": [ "POST" ],
      "AuthenticationOptions": {
        "AuthenticationProviderKey": "Bearer",
        "AllowedScopes": []
      }
    },
    {
      "DownstreamPathTemplate": "/identity/authentication",
      "DownstreamSchema": "http",
      "DownstreamHostAndPorts": [
        {
          "Host": "localhost",
          "Port": "10000"
        }
      ],
      "UpstreamPathTemplate": "/user/login",
      "UpstreamHttpMethod": [ "POST" ]
    }

  ]
}
