{
  "Routes": [
    {
      "DownstreamPathTemplate": "/identity/create",
      "DownstreamSchema": "http",
      "DownstreamHostAndPorts": [
        {
          "Host": "identity.api",
          "Port": "80"
        }
      ],
      "UpstreamPathTemplate": "/user/create",
      "UpstreamHttpMethod": [ "POST" ],
      "AuthenticationOptions": {
        "AuthenticationProviderKey": "Bearer",
        "AllowedScopes": []
      }
    },
    {
      "DownstreamPathTemplate": "/identity/authentication",
      "DownstreamSchema": "http",
      "DownstreamHostAndPorts": [
        {
          "Host": "identity.api",
          "Port": "80"
        }
      ],
      "UpstreamPathTemplate": "/user/login",
      "UpstreamHttpMethod": [ "POST" ]
    },
    {
      "DownstreamPathTemplate": "/LibreriaAutor",
      "DownstreamSchema": "http",
      "DownstreamHostAndPorts": [
        {
          "Host": "libreria.api",
          "Port": "80"
        }
      ],
      "UpstreamPathTemplate": "/Autor",
      "UpstreamHttpMethod": [ "GET" ],
      "Key": "Autores",
      "AuthenticationOptions": {
        "AuthenticationProviderKey": "Bearer",
        "AllowedScopes": []
      }
    },
    {
      "DownstreamPathTemplate": "/LibreriaAutor/{id}",
      "DownstreamSchema": "http",
      "DownstreamHostAndPorts": [
        {
          "Host": "libreria.api",
          "Port": "80"
        }
      ],
      "UpstreamPathTemplate": "/Autor/{id}",
      "UpstreamHttpMethod": [ "GET", "DELETE", "PUT" ],
      "AuthenticationOptions": {
        "AuthenticationProviderKey": "Bearer",
        "AllowedScopes": []
      }
    },
    {
      "DownstreamPathTemplate": "/Libros",
      "DownstreamScheme": "http",
      "DownstreamHostAndPorts": [
        {
          "Host": "libreria.api",
          "Port": "80"
        }
      ],
      "UpstreamPathTemplate": "/Libro",
      "UpstreamHttpMethod": [ "GET", "POST", "PUT" ],
      "Key": "Libros",
      "AuthenticationOptions": {
        "AuthenticationProviderKey": "Bearer",
        "AllowedScopes": []
      }
    },
    {
      "DownstreamPathTemplate": "/Libros/{id}",
      "DownstreamScheme": "http",
      "DownstreamHostAndPorts": [
        {
          "Host": "libreria.api",
          "Port": "80"
        }
      ],
      "UpstreamPathTemplate": "/Libro/{id}",
      "UpstreamHttpMethod": [ "GET", "DELETE" ],
      "AuthenticationOptions": {
        "AuthenticationProviderKey": "Bearer",
        "AllowedScopes": []
      },
      "DelegatingHandlers": [
        "LibroHandler"
      ]
    }
  ],
  "Aggregates": [
    {
      "RouteKeys": [
        "Autores",
        "Libros"
      ],
      "UpstreamPathTemplate": "/LibrosAutor"
    }
  ]
}
